,us_data_yield_10y,us_data_yield_2y,us_data_fed_funds,us_data_cpi_yoy,us_data_industrial_production,us_data_unemployment,us_data_market_cap_gdp,us_data_m2,us_data_dxy,us_data_vix,us_data_yield_curve_spread,equity_USA,equity_Europe,equity_Japan,equity_UK,equity_EM
1980-01-31,10.8,11.5,13.82,78.0,52.0679,6.3,,1482.7,,,-0.6999999999999993,,,,,
1980-02-29,12.41,13.42,14.13,79.0,52.082,6.3,,1494.6,,,-1.0099999999999998,,,,,
1980-03-31,12.75,14.88,17.19,80.1,51.87,6.3,,1499.8,,,-2.130000000000001,,,,,
1980-04-30,11.47,12.5,17.61,80.9,50.8397,6.9,,1502.2,,,-1.0299999999999994,,,,,
1980-05-31,10.18,9.45,10.98,81.7,49.589,7.5,,1512.3,,,0.7300000000000004,,,,,
1980-06-30,9.78,8.73,9.47,82.5,48.9482,7.6,,1529.2,,,1.049999999999999,,,,,
1980-07-31,10.25,9.03,9.03,82.6,48.6039,7.8,,1545.5,,,1.2200000000000006,,,,,
1980-08-31,11.1,10.53,9.61,83.2,48.7563,7.7,,1561.5,,,0.5700000000000003,,,,,
1980-09-30,11.51,11.57,10.87,83.9,49.5608,7.5,,1574.0,,,-0.0600000000000005,,,,,
1980-10-31,11.75,12.09,12.81,84.7,50.1908,7.5,,1584.8,,,-0.33999999999999986,,,,,
1980-11-30,12.68,13.51,15.85,85.6,51.0311,7.5,,1595.8,,,-0.8300000000000001,,,,,
1980-12-31,12.84,14.08,18.9,86.4,51.3708,7.2,,1599.8,,,-1.2400000000000002,,,,,
1981-01-31,12.57,13.26,19.08,87.2,51.0415,7.5,,1606.9,,,-0.6899999999999995,,,,,
1981-02-28,13.19,13.92,15.93,88.0,50.824,7.4,,1618.7,,,-0.7300000000000004,,,,,
1981-03-31,13.12,13.57,14.7,88.6,51.0826,7.4,,1636.6,,,-0.45000000000000107,,,,,
1981-04-30,13.68,14.15,15.72,89.1,50.858,7.2,,1659.2,,,-0.47000000000000064,,,,,
1981-05-31,14.1,15.46,18.52,89.7,51.1495,7.5,,1664.2,,,-1.3600000000000012,,,,,
1981-06-30,13.47,14.51,19.1,90.5,51.4101,7.5,,1670.3,,,-1.0399999999999991,,,,,
1981-07-31,14.28,15.35,19.04,91.5,51.7471,7.2,,1681.9,,,-1.0700000000000003,,,,,
1981-08-31,14.94,16.28,17.82,92.2,51.6826,7.4,,1694.3,,,-1.3400000000000016,,,,,
1981-09-30,15.32,16.46,15.87,93.1,51.4337,7.6,,1706.0,,,-1.1400000000000006,,,,,
1981-10-31,15.15,15.54,15.08,93.4,51.0281,7.9,,1721.8,,,-0.3899999999999988,,,,,
1981-11-30,13.39,12.88,13.31,93.8,50.435,8.3,,1736.1,,,0.5099999999999998,,,,,
1981-12-31,13.72,13.29,12.37,94.1,49.8987,8.5,,1755.5,,,0.4300000000000015,,,,,
1982-01-31,14.59,14.57,13.22,94.4,48.8685,8.6,,1770.4,,,0.019999999999999574,,,,,
1982-02-28,14.43,14.82,14.78,94.7,49.8636,8.9,,1774.5,,,-0.39000000000000057,,,,,
1982-03-31,13.86,14.19,14.68,94.7,49.5323,9.0,,1786.5,,,-0.33000000000000007,,,,,
1982-04-30,13.87,14.2,14.94,95.0,49.075,9.3,,1803.9,,,-0.33000000000000007,,,,,
1982-05-31,13.62,13.78,14.45,95.9,48.7483,9.4,,1815.4,,,-0.16000000000000014,,,,,
1982-06-30,14.3,14.47,14.15,97.0,48.6214,9.6,,1826.0,,,-0.16999999999999993,,,,,
1982-07-31,13.95,13.8,12.59,97.5,48.4616,9.8,,1831.5,,,0.14999999999999858,,,,,
1982-08-31,13.06,12.32,10.12,97.7,48.0192,9.8,,1845.2,,,0.7400000000000002,,,,,
1982-09-30,12.34,11.78,10.31,97.7,47.9008,10.1,,1858.4,,,0.5600000000000005,,,,,
1982-10-31,10.91,10.19,9.71,98.1,47.4371,10.4,,1869.7,,,0.7200000000000006,,,,,
1982-11-30,10.55,9.8,9.2,98.0,47.283,10.8,,1883.7,,,0.75,,,,,
1982-12-31,10.54,9.66,8.95,97.7,46.9485,10.8,,1905.9,,,0.879999999999999,,,,,
1983-01-31,10.46,9.33,8.68,97.9,47.8234,10.4,,1959.4,,,1.1300000000000008,,,,,
1983-02-28,10.72,9.64,8.51,98.0,47.5233,10.4,,1996.8,,,1.08,,,,,
1983-03-31,10.51,9.66,8.77,98.1,47.9244,10.3,,2015.2,,,0.8499999999999996,,,,,
1983-04-30,10.4,9.57,8.8,98.8,48.5311,10.2,,2028.6,,,0.8300000000000001,,,,,
1983-05-31,10.38,9.49,8.63,99.2,48.8239,10.1,,2043.1,,,0.8900000000000006,,,,,
1983-06-30,10.85,10.18,8.98,99.4,49.123,10.1,,2053.5,,,0.6699999999999999,,,,,
1983-07-31,11.38,10.69,9.37,99.8,49.8546,9.4,,2064.8,,,0.6900000000000013,,,,,
1983-08-31,11.85,11.07,9.56,100.1,50.4443,9.5,,2074.0,,,0.7799999999999994,,,,,
1983-09-30,11.65,10.79,9.45,100.4,51.178,9.2,,2083.2,,,0.8600000000000012,,,,,
1983-10-31,11.54,10.57,9.48,100.8,51.5693,8.8,,2099.2,,,0.9699999999999989,,,,,
1983-11-30,11.69,10.66,9.34,101.1,51.7993,8.5,,2112.3,,,1.0299999999999994,,,,,
1983-12-31,11.83,10.84,9.47,101.4,52.0594,8.3,,2123.5,,,0.9900000000000002,,,,,
1984-01-31,11.67,10.64,9.56,102.1,53.0985,8.0,,2138.2,,,1.0299999999999994,,,,,
1984-02-29,11.84,10.79,9.59,102.6,53.3318,7.8,,2158.2,,,1.0500000000000007,,,,,
1984-03-31,12.32,11.31,9.91,102.9,53.5929,7.8,,2175.2,,,1.0099999999999998,,,,,
1984-04-30,12.63,11.69,10.29,103.3,53.91,7.7,,2191.7,,,0.9400000000000013,,,,,
1984-05-31,13.41,12.47,10.32,103.5,54.2026,7.4,,2204.1,,,0.9399999999999995,,,,,
1984-06-30,13.56,12.91,11.06,103.7,54.4014,7.2,,2215.1,,,0.6500000000000004,,,,,
1984-07-31,13.36,12.88,11.23,104.1,54.5521,7.5,,2223.5,,,0.47999999999999865,,,,,
1984-08-31,12.72,12.43,11.64,104.4,54.6083,7.5,,2230.4,,,0.2900000000000009,,,,,
1984-09-30,12.52,12.2,11.3,104.7,54.4466,7.3,,2244.4,,,0.3200000000000003,,,,,
1984-10-31,12.16,11.6,9.99,105.1,54.4406,7.4,,2258.9,,,0.5600000000000005,,,,,
1984-11-30,11.57,10.65,9.43,105.3,54.624,7.2,,2281.4,,,0.9199999999999999,,,,,
1984-12-31,11.5,10.18,8.38,105.5,54.6416,7.3,,2306.4,,,1.3200000000000003,,,,,
1985-01-31,11.38,9.93,8.35,105.7,54.6322,7.3,,2332.4,,,1.450000000000001,,,,,
1985-02-28,11.51,10.17,8.5,106.3,54.7825,7.2,,2354.1,,,1.3399999999999999,,,,,
1985-03-31,11.86,10.71,8.58,106.8,54.8653,7.2,,2366.2,,,1.1499999999999986,,,,,
1985-04-30,11.43,10.09,8.27,107.0,54.7459,7.3,,2375.4,,,1.3399999999999999,,,,,
1985-05-31,10.85,9.39,7.97,107.2,54.8255,7.2,,2389.5,,,1.459999999999999,,,,,
1985-06-30,10.16,8.69,7.53,107.5,54.7989,7.4,,2412.6,,,1.4700000000000006,,,,,
1985-07-31,10.31,8.77,7.88,107.7,54.5396,7.4,,2429.5,,,1.540000000000001,,,,,
1985-08-31,10.33,8.94,7.9,107.9,54.7055,7.1,,2444.0,,,1.3900000000000006,,,,,
1985-09-30,10.37,8.98,7.92,108.1,54.8906,7.1,,2456.4,,,1.3899999999999988,,,,,
1985-10-31,10.24,8.86,7.99,108.5,54.7199,7.1,,2468.0,,,1.3800000000000008,,,,,
1985-11-30,9.78,8.58,8.05,109.0,54.9124,7.0,,2477.8,,,1.1999999999999993,,,,,
1985-12-31,9.26,8.15,8.27,109.5,55.4412,7.0,,2492.1,,,1.1099999999999994,,,,,
1986-01-31,9.19,8.14,8.14,109.9,55.7481,6.7,,2502.1,,,1.049999999999999,,,,,
1986-02-28,8.7,7.97,7.86,109.7,55.3568,7.2,,2512.9,,,0.7299999999999995,,,,,
1986-03-31,7.78,7.21,7.48,109.1,54.9625,7.2,,2533.1,,,0.5700000000000003,,,,,
1986-04-30,7.3,6.7,6.99,108.7,55.0413,7.1,,2557.8,,,0.5999999999999996,,,,,
1986-05-31,7.71,7.07,6.85,109.0,55.1226,7.2,,2584.8,,,0.6399999999999997,,,,,
1986-06-30,7.8,7.18,6.92,109.4,54.9005,7.2,,2605.0,,,0.6200000000000001,,,,,
1986-07-31,7.3,6.67,6.56,109.5,55.2592,7.0,,2626.6,,,0.6299999999999999,,,,,
1986-08-31,7.17,6.33,6.17,109.6,55.1567,6.9,,2646.5,,,0.8399999999999999,,,,,
1986-09-30,7.45,6.35,5.89,110.0,55.2975,7.0,,2667.8,,,1.1000000000000005,,,,,
1986-10-31,7.43,6.28,5.85,110.2,55.5332,7.0,,2687.4,,,1.1499999999999995,,,,,
1986-11-30,7.25,6.28,6.04,110.4,55.7557,6.9,,2701.3,,,0.9699999999999998,,,,,
1986-12-31,7.11,6.27,6.91,110.8,56.2845,6.6,,2728.0,,,0.8400000000000007,,,,,
1987-01-31,7.08,6.23,6.43,111.4,56.0882,6.6,,2743.9,,,0.8499999999999996,,,,,
1987-02-28,7.25,6.4,6.1,111.8,56.8275,6.6,,2747.5,,,0.8499999999999996,,,,,
1987-03-31,7.25,6.42,6.13,112.2,56.9098,6.6,,2753.7,,,0.8300000000000001,,,,,
1987-04-30,8.02,7.02,6.37,112.7,57.2701,6.3,,2767.7,,,1.0,,,,,
1987-05-31,8.61,7.76,6.85,113.0,57.6322,6.3,,2772.9,,,0.8499999999999996,,,,,
1987-06-30,8.4,7.57,6.73,113.5,57.9307,6.2,,2774.6,,,0.8300000000000001,,,,,
1987-07-31,8.45,7.44,6.58,113.8,58.3258,6.1,,2779.0,,,1.009999999999999,,,,,
1987-08-31,8.76,7.75,6.73,114.3,58.7636,6.0,,2788.2,,,1.0099999999999998,,,,,
1987-09-30,9.42,8.34,7.22,114.7,58.9951,5.9,,2799.5,,,1.08,,,,,
1987-10-31,9.52,8.4,7.29,115.0,59.781,6.0,,2814.8,,,1.1199999999999992,,,,,
1987-11-30,8.86,7.69,6.69,115.4,60.0726,5.8,,2818.9,,,1.169999999999999,,,,,
1987-12-31,8.99,7.86,6.77,115.6,60.4095,5.7,,2826.4,,,1.13,,,,,
1988-01-31,8.67,7.63,6.83,116.0,60.3976,5.7,,2847.4,,,1.04,,,,,
1988-02-29,8.21,7.18,6.58,116.2,60.7003,5.7,,2870.4,,,1.0300000000000011,,,,,
1988-03-31,8.37,7.27,6.58,116.5,60.8501,5.7,,2890.7,,,1.0999999999999996,,,,,
1988-04-30,8.72,7.59,6.87,117.2,61.2031,5.4,,2910.7,,,1.1300000000000008,,,,,
1988-05-31,9.09,8.0,7.09,117.5,61.0797,5.6,,2926.0,,,1.0899999999999999,,,,,
1988-06-30,8.92,8.03,7.51,118.0,61.2569,5.4,,2938.4,,,0.8900000000000006,,,,,
1988-07-31,9.06,8.28,7.75,118.5,61.2659,5.4,,2947.2,,,0.7800000000000011,,,,,
1988-08-31,9.26,8.63,8.01,119.0,61.5731,5.6,,2952.0,,,0.629999999999999,,,,,
1988-09-30,8.98,8.46,8.19,119.5,61.3807,5.4,,2956.9,,,0.5199999999999996,,,,,
1988-10-31,8.8,8.35,8.3,119.9,61.6453,5.4,,2965.3,,,0.45000000000000107,,,,,
1988-11-30,8.96,8.67,8.35,120.3,61.7944,5.3,,2980.2,,,0.2900000000000009,,,,,
1988-12-31,9.11,9.09,8.76,120.7,62.0743,5.3,,2988.2,,,0.019999999999999574,,,,,
1989-01-31,9.09,9.18,9.12,121.2,62.2574,5.4,,2991.7,,,-0.08999999999999986,,,,,
1989-02-28,9.17,9.37,9.36,121.6,61.9819,5.2,,2992.2,,,-0.1999999999999993,,,,,
1989-03-31,9.36,9.68,9.85,122.2,62.1369,5.0,,2999.7,,,-0.3200000000000003,,,,,
1989-04-30,9.18,9.45,9.84,123.1,62.1276,5.2,,3006.0,,,-0.2699999999999996,,,,,
1989-05-31,8.86,9.02,9.81,123.7,61.7744,5.2,,3011.6,,,-0.16000000000000014,,,,,
1989-06-30,8.28,8.41,9.53,124.1,61.7697,5.3,,3027.9,,,-0.13000000000000078,,,,,
1989-07-31,8.02,7.82,9.24,124.5,61.1738,5.2,,3052.4,,,0.1999999999999993,,,,,
1989-08-31,8.11,8.14,8.99,124.5,61.7732,5.2,,3074.4,,,-0.030000000000001137,,,,,
1989-09-30,8.19,8.28,9.02,124.8,61.5796,5.3,,3092.5,,,-0.08999999999999986,,,,,
1989-10-31,8.01,7.98,8.84,125.4,61.4966,5.3,,3114.1,,,0.02999999999999936,,,,,
1989-11-30,7.87,7.8,8.55,125.9,61.7044,5.4,,3133.3,,,0.07000000000000028,,,,,
1989-12-31,7.84,7.78,8.45,126.3,62.0428,5.4,,3152.5,,,0.05999999999999961,,,,,
1990-01-31,8.21,8.09,8.23,127.5,61.729,5.4,,3166.8,,25.36,0.120000000000001,,,,,
1990-02-28,8.47,8.37,8.24,128.0,62.2896,5.3,,3179.2,,21.99,0.10000000000000142,,,,,
1990-03-31,8.59,8.63,8.28,128.6,62.5999,5.2,,3190.1,,19.73,-0.040000000000000924,,,,,
1990-04-30,8.79,8.72,8.26,128.9,62.4359,5.4,,3201.6,,19.52,0.06999999999999851,,,,,
1990-05-31,8.76,8.64,8.18,129.1,62.6258,5.4,,3200.6,,17.37,0.11999999999999922,,,,,
1990-06-30,8.48,8.35,8.29,129.9,62.8382,5.2,,3213.7,,15.5,0.13000000000000078,,,,,
1990-07-31,8.47,8.16,8.15,130.5,62.7284,5.5,,3224.5,,21.11,0.3100000000000005,,,,,
1990-08-31,8.75,8.06,8.13,131.6,62.9475,5.7,,3242.0,,29.9,0.6899999999999995,,,,,
1990-09-30,8.89,8.08,8.2,132.5,62.9523,5.9,,3254.6,,29.11,0.8100000000000005,,,,,
1990-10-31,8.72,7.88,8.11,133.4,62.5845,5.9,,3259.3,,30.04,0.8400000000000007,,,,,
1990-11-30,8.39,7.6,7.81,133.7,61.7887,6.2,,3262.6,,22.16,0.7900000000000009,,,,,
1990-12-31,8.08,7.31,7.31,134.2,61.3352,6.3,,3271.8,,26.38,0.7700000000000005,,,,,
1991-01-31,8.09,7.13,6.91,134.7,61.1355,6.4,,3287.7,,20.91,0.96,,,,,
1991-02-28,7.85,6.87,6.25,134.8,60.6838,6.6,,3304.5,,21.23,0.9799999999999995,,,,,
1991-03-31,8.11,7.1,6.12,134.8,60.3346,6.8,,3321.9,,16.88,1.0099999999999998,,,,,
1991-04-30,8.04,6.95,5.91,135.1,60.4938,6.7,,3332.4,,18.24,1.089999999999999,,,,,
1991-05-31,8.07,6.78,5.78,135.6,61.0633,6.9,,3343.0,,15.93,1.29,,,,,
1991-06-30,8.28,6.96,5.9,136.0,61.5581,6.9,,3351.9,,19.55,1.3199999999999994,,,,,
1991-07-31,8.27,6.92,5.82,136.2,61.7305,6.8,,3356.1,,15.18,1.3499999999999996,,,,,
1991-08-31,7.9,6.43,5.66,136.6,61.7298,6.9,,3355.0,,14.46,1.4700000000000006,,,,,
1991-09-30,7.65,6.18,5.45,137.0,62.2195,6.9,,3354.9,,15.85,1.4700000000000006,,,,,
1991-10-31,7.53,5.91,5.21,137.2,62.1855,7.0,,3360.1,,15.48,1.62,,,,,
1991-11-30,7.42,5.56,4.81,137.8,62.0871,7.0,,3365.5,,20.26,1.8600000000000003,,,,,
1991-12-31,7.09,5.03,4.43,138.2,61.7852,7.3,,3372.2,,19.31,2.0599999999999996,,,,,
1992-01-31,7.03,4.96,4.03,138.3,61.4616,7.3,,3381.2,,17.4,2.0700000000000003,,,,,
1992-02-29,7.34,5.21,4.06,138.6,61.8955,7.4,,3400.0,,16.68,2.13,,,,,
1992-03-31,7.54,5.69,3.98,139.1,62.4232,7.4,,3403.9,,16.18,1.8499999999999996,,,,,
1992-04-30,7.48,5.34,3.73,139.4,62.897,7.4,,3399.7,,15.53,2.1400000000000006,,,,,
1992-05-31,7.39,5.23,3.82,139.7,63.104,7.6,,3398.6,,13.86,2.1599999999999993,,,,,
1992-06-30,7.26,5.05,3.76,140.1,63.1363,7.8,,3393.4,,13.35,2.21,,,,,
1992-07-31,6.84,4.36,3.25,140.5,63.7176,7.7,,3393.9,,13.17,2.4799999999999995,,,,,
1992-08-31,6.59,4.19,3.3,140.8,63.3613,7.6,,3398.8,,13.58,2.3999999999999995,,,,,
1992-09-30,6.42,3.89,3.22,141.1,63.5703,7.6,,3410.3,,14.28,2.53,,,,,
1992-10-31,6.59,4.08,3.1,141.7,63.9995,7.3,,3423.8,,16.15,2.51,,,,,
1992-11-30,6.87,4.58,3.09,142.1,64.2422,7.4,,3426.5,,13.01,2.29,,,,,
1992-12-31,6.77,4.67,2.92,142.3,64.3507,7.4,,3424.7,,12.57,2.0999999999999996,,,,,
1993-01-31,6.6,4.39,3.02,142.8,64.5978,7.3,,3419.1,,12.42,2.21,24.175378799438477,,,,
1993-02-28,6.26,4.1,3.03,143.1,64.9089,7.1,,3414.5,,13.16,2.16,24.43329620361328,,,,
1993-03-31,5.98,3.95,3.07,143.3,64.8522,7.0,,3411.7,,12.53,2.0300000000000002,24.9805850982666,,,,
1993-04-30,5.97,3.84,2.96,143.8,65.0301,7.1,,3411.3,,12.42,2.13,24.341379165649414,,,,
1993-05-31,6.04,3.98,3.0,144.2,64.784,7.1,,3436.9,,13.47,2.06,24.99785614013672,,,,
1993-06-30,5.96,4.16,3.04,144.3,64.9301,7.0,,3442.4,,11.26,1.7999999999999998,25.088031768798828,,,,
1993-07-31,5.81,4.07,3.06,144.5,65.1052,6.9,,3442.0,,11.73,1.7399999999999993,24.966243743896484,,,,
1993-08-31,5.68,4.0,3.03,144.8,65.0267,6.8,,3445.7,,11.85,1.6799999999999997,25.923147201538086,,,,
1993-09-30,5.36,3.85,3.09,145.0,65.3717,6.7,,3452.2,,12.99,1.5100000000000002,25.734542846679688,,,,
1993-10-31,5.33,3.87,2.99,145.6,65.8509,6.8,,3456.7,,11.46,1.46,26.242218017578125,,,,
1993-11-30,5.72,4.16,3.02,146.0,66.1518,6.6,,3470.1,,13.76,1.5599999999999996,25.962127685546875,,,,
1993-12-31,5.77,4.21,2.96,146.3,66.5436,6.5,,3474.5,,11.66,1.5599999999999996,26.280853271484375,,,,
1994-01-31,5.75,4.14,3.05,146.3,66.7351,6.6,,3474.9,,10.63,1.6100000000000003,27.197420120239258,,,,
1994-02-28,5.97,4.47,3.25,146.7,66.774,6.6,,3475.7,,14.87,1.5,26.404224395751953,,,,
1994-03-31,6.48,5.0,3.34,147.1,67.4552,6.5,,3480.1,,20.45,1.4800000000000004,25.297870635986328,,,,
1994-04-30,6.97,5.55,3.56,147.2,67.8541,6.4,,3481.3,,13.77,1.42,25.581520080566406,,,,
1994-05-31,7.18,5.97,4.01,147.5,68.1663,6.1,,3490.8,,13.03,1.21,25.9892520904541,,,,
1994-06-30,7.1,5.93,4.25,147.9,68.6265,6.1,,3479.5,,14.97,1.17,25.393728256225586,,,,
1994-07-31,7.3,6.13,4.26,148.4,68.7178,6.1,,3488.2,,11.13,1.17,26.214624404907227,,,,
1994-08-31,7.24,6.18,4.47,149.0,69.1785,6.0,,3485.7,,11.97,1.0600000000000005,27.213958740234375,,,,
1994-09-30,7.46,6.39,4.73,149.3,69.3961,5.9,,3486.1,,14.28,1.0700000000000003,26.526670455932617,,,,
1994-10-31,7.74,6.73,4.76,149.4,69.9544,5.8,,3484.3,,14.56,1.0099999999999998,27.280736923217773,,,,
1994-11-30,7.96,7.15,5.29,149.8,70.4326,5.6,,3487.2,,15.95,0.8099999999999996,26.194507598876953,,,,
1994-12-31,7.81,7.59,5.45,150.1,71.1523,5.5,,3486.4,,13.2,0.21999999999999975,26.385269165039062,,,,
1995-01-31,7.78,7.51,5.53,150.5,71.2734,5.6,,3492.4,,11.96,0.27000000000000046,27.27201271057129,,,,
1995-02-28,7.47,7.11,5.92,150.9,71.193,5.4,,3489.9,,11.75,0.35999999999999943,28.384971618652344,,,,
1995-03-31,7.2,6.78,5.98,151.2,71.3113,5.4,,3491.1,,13.37,0.41999999999999993,29.175439834594727,,,,
1995-04-30,7.06,6.57,6.05,151.8,71.1882,5.8,,3499.2,,11.75,0.4899999999999993,30.039691925048828,,,,
1995-05-31,6.63,6.17,6.01,152.1,71.5378,5.6,,3524.2,,12.85,0.45999999999999996,31.23143768310547,,,,
1995-06-30,6.17,5.72,6.0,152.4,71.7749,5.6,,3548.9,,11.38,0.4500000000000002,31.863269805908203,,,,
1995-07-31,6.28,5.78,5.85,152.6,71.4748,5.7,,3567.4,,13.49,0.5,32.88814926147461,,,,
1995-08-31,6.49,5.98,5.74,152.9,72.4223,5.7,,3589.0,,11.52,0.5099999999999998,33.034576416015625,,,,
1995-09-30,6.2,5.81,5.8,153.1,72.7144,5.6,,3602.1,,12.74,0.39000000000000057,34.43445587158203,,,,
1995-10-31,6.04,5.7,5.76,153.5,72.5866,5.5,,3613.4,,13.83,0.33999999999999986,34.333274841308594,,,,
1995-11-30,5.93,5.48,5.8,153.7,72.7779,5.6,,3619.9,,11.58,0.4499999999999993,35.860408782958984,,,,
1995-12-31,5.71,5.32,5.6,153.9,73.0305,5.6,,3629.5,,12.52,0.3899999999999997,36.42459487915039,,,,
1996-01-31,5.65,5.11,5.56,154.7,72.6125,5.6,80.4812,3647.9,,12.53,0.54,37.72052001953125,,,,
1996-02-29,5.81,5.03,5.22,155.0,73.6752,5.5,80.4812,3661.8,,17.04,0.7799999999999994,37.840843200683594,,,,
1996-03-31,6.27,5.66,5.31,155.5,73.585,5.5,80.4812,3686.9,,18.88,0.6099999999999994,38.492401123046875,,40.267276763916016,7.976604461669922,
1996-04-30,6.51,5.96,5.22,156.1,74.3172,5.6,80.4812,3697.7,,15.83,0.5499999999999998,38.910797119140625,,42.192405700683594,8.219542503356934,
1996-05-31,6.74,6.1,5.24,156.4,74.8726,5.6,,3709.6,,16.07,0.6400000000000006,39.79407501220703,,40.267276763916016,8.138562202453613,
1996-06-30,6.91,6.3,5.27,156.7,75.4433,5.3,,3722.5,,13.68,0.6100000000000003,40.1451301574707,,40.74856948852539,8.219542503356934,
1996-07-31,6.87,6.27,5.4,157.0,75.4549,5.5,,3737.1,,19.46,0.6000000000000005,38.34117126464844,,38.82343292236328,8.34101676940918,
1996-08-31,6.64,6.03,5.22,157.2,75.8411,5.1,,3744.0,,17.01,0.6099999999999994,39.07959747314453,,36.737876892089844,8.625409126281738,
1996-09-30,6.83,6.23,5.3,157.7,76.3158,5.2,,3753.4,,16.95,0.5999999999999996,41.26302719116211,,38.02128982543945,8.79049301147461,
1996-10-31,6.53,5.91,5.24,158.2,76.3384,5.2,,3772.8,,18.11,0.6200000000000001,42.59712219238281,,35.45445251464844,9.285730361938477,
1996-11-30,6.2,5.7,5.31,158.7,77.0397,5.4,,3795.1,,17.14,0.5,45.70693588256836,,36.25659942626953,9.739696502685547,
1996-12-31,6.3,5.78,5.29,159.1,77.5333,5.4,,3818.6,,20.92,0.5199999999999996,44.61918640136719,,33.52932357788086,10.24554443359375,
1997-01-31,6.58,6.01,5.25,159.4,77.6562,5.3,82.9131,3834.6,,19.47,0.5700000000000003,47.376033782958984,,30.16035270690918,9.706303596496582,
1997-02-28,6.42,5.9,5.19,159.7,78.5833,5.2,82.9131,3846.3,,21.1,0.5199999999999996,47.8292121887207,,30.802053451538086,10.038146018981934,
1997-03-31,6.69,6.22,5.39,159.8,79.082,5.2,82.9131,3861.2,,22.14,0.47000000000000064,45.7188606262207,,29.518640518188477,10.162583351135254,
1997-04-30,6.89,6.45,5.51,159.9,79.1747,5.1,82.9131,3877.0,,20.06,0.4399999999999995,48.58104705810547,,31.283349990844727,10.369985580444336,
1997-05-31,6.71,6.28,5.5,159.9,79.6133,4.9,,3889.2,,19.19,0.4299999999999997,51.65168762207031,,34.33147430419922,10.950700759887695,
1997-06-30,6.49,6.09,5.56,160.2,79.9792,5.0,,3906.0,,21.53,0.40000000000000036,53.774723052978516,,36.25659942626953,11.116625785827637,
1997-07-31,6.22,5.89,5.52,160.4,80.6624,4.9,,3923.9,,21.48,0.33000000000000007,58.03712844848633,,35.77531433105469,11.697344779968262,
1997-08-31,6.3,5.94,5.54,160.8,81.4694,4.8,,3957.4,,24.76,0.35999999999999943,55.03059387207031,,32.25831985473633,11.364953994750977,
1997-09-30,6.21,5.88,5.54,161.2,82.2156,4.9,,3973.1,,22.91,0.33000000000000007,57.677032470703125,,31.937341690063477,12.351343154907227,
1997-10-31,6.03,5.77,5.5,161.5,82.9446,4.7,,3992.3,,35.09,0.2600000000000007,56.26378631591797,,28.888038635253906,11.922481536865234,
1997-11-30,5.88,5.71,5.52,161.7,83.5978,4.6,,4014.8,,27.43,0.16999999999999993,58.440975189208984,,26.96217918395996,11.879594802856445,
1997-12-31,5.81,5.72,5.5,161.8,83.9538,4.7,,4032.9,,24.01,0.08999999999999986,59.55551528930664,,25.35988426208496,12.104331016540527,
1998-01-31,5.54,5.36,5.56,162.0,84.3218,4.6,87.3232,4056.2,,21.47,0.17999999999999972,60.322509765625,,28.40949058532715,12.791096687316895,
1998-02-28,5.57,5.42,5.51,162.0,84.4583,4.6,87.3232,4088.9,,18.55,0.15000000000000036,64.5025405883789,,28.73049545288086,13.649559020996094,
1998-03-31,5.65,5.56,5.49,162.0,84.488,4.7,87.3232,4114.3,,24.22,0.09000000000000075,67.64916229248047,,25.520387649536133,14.722636222839355,
1998-04-30,5.64,5.56,5.45,162.2,84.7779,4.3,87.3232,4140.2,,21.18,0.08000000000000007,68.51453399658203,,26.483421325683594,14.593870162963867,
1998-05-31,5.65,5.59,5.49,162.6,85.3367,4.4,,4164.4,,21.32,0.0600000000000005,67.09154510498047,,24.87836456298828,13.992948532104492,
1998-06-30,5.5,5.52,5.56,162.8,84.8248,4.5,,4184.1,,19.71,-0.019999999999999574,69.94788360595703,,25.199378967285156,14.422174453735352,
1998-07-31,5.46,5.46,5.54,163.2,84.4986,4.5,,4203.8,,24.8,0.0,69.00257873535156,,24.23634147644043,13.992948532104492,
1998-08-31,5.34,5.27,5.55,163.4,86.248,4.5,,4228.7,,44.28,0.07000000000000028,59.26087188720703,,20.249536514282227,12.333072662353516,
1998-09-30,4.81,4.67,5.51,163.5,86.2021,4.6,,4267.7,,40.95,0.13999999999999968,63.03217697143555,,20.570947647094727,12.729496002197266,
1998-10-31,4.53,4.09,5.07,163.9,86.7914,4.5,,4307.9,,28.05,0.4400000000000004,68.14289093017578,,24.910140991210938,13.434243202209473,
1998-11-30,4.83,4.54,4.83,164.1,86.7256,4.4,,4346.6,,26.01,0.29000000000000004,71.93718719482422,,25.713685989379883,14.094937324523926,
1998-12-31,4.65,4.51,4.68,164.4,87.1185,4.4,,4375.6,,24.42,0.14000000000000057,76.64348602294922,,26.382112503051758,14.46601390838623,
1999-01-31,4.72,4.62,4.63,164.7,87.4949,4.3,91.99799999999999,4403.0,,26.25,0.09999999999999964,79.34329223632812,,27.025571823120117,14.554489135742188,
1999-02-28,5.0,4.88,4.76,164.7,88.027,4.4,91.99799999999999,4425.8,,27.88,0.1200000000000001,76.79886627197266,,26.06038475036621,14.731440544128418,
1999-03-31,5.23,5.05,4.81,164.8,88.2267,4.2,91.99799999999999,4432.6,,23.26,0.1800000000000006,79.98355865478516,,29.599430084228516,15.085352897644043,
1999-04-30,5.18,4.98,4.74,165.9,88.4295,4.3,91.99799999999999,4461.4,,25.07,0.1999999999999993,83.0208740234375,,30.886377334594727,15.74893569946289,
1999-05-31,5.54,5.25,4.74,166.0,88.9886,4.2,,4486.1,,25.39,0.29000000000000004,81.12259674072266,,29.116846084594727,14.86416244506836,
1999-06-30,5.9,5.62,4.76,166.0,88.9188,4.3,,4508.0,,21.09,0.28000000000000025,85.6150131225586,,32.17331314086914,15.26230525970459,
1999-07-31,5.79,5.55,4.99,166.7,89.4333,4.3,,4535.4,,24.64,0.2400000000000002,82.95909118652344,,34.58631134033203,15.041112899780273,
1999-08-31,5.94,5.68,5.07,167.1,89.7924,4.2,,4552.7,,24.45,0.2600000000000007,82.52940368652344,,34.548831939697266,15.059173583984375,
1999-09-30,5.92,5.66,5.22,167.8,89.4299,4.2,,4568.8,,25.41,0.2599999999999998,80.68596649169922,,36.00181579589844,15.059173583984375,
1999-10-31,6.11,5.86,5.2,168.1,90.523,4.1,,4592.7,,22.2,0.25,85.8561019897461,,38.262020111083984,15.33718204498291,
1999-11-30,6.03,5.86,5.42,168.4,90.9618,4.1,,4611.8,,24.18,0.16999999999999993,87.28577423095703,,39.39213562011719,15.4761962890625,
1999-12-31,6.28,6.1,5.3,168.8,91.6634,4.0,,4639.3,,24.64,0.1800000000000006,92.27064514160156,,42.4402961730957,16.192317962646484,
2000-01-31,6.66,6.44,5.45,169.3,91.538,4.0,94.6063,4667.6,,24.95,0.21999999999999975,87.67669677734375,,40.00119400024414,14.72888469696045,
2000-02-29,6.52,6.61,5.73,170.0,91.8239,4.1,94.6063,4680.9,,23.37,-0.09000000000000075,86.34174346923828,,39.51337432861328,14.492840766906738,
2000-03-31,6.26,6.53,5.85,171.0,92.1504,4.0,94.6063,4711.7,,24.11,-0.27000000000000046,94.70946502685547,,42.92811584472656,15.436999320983887,
2000-04-30,5.99,6.4,6.02,170.9,92.6989,3.8,94.6063,4767.8,,26.2,-0.41000000000000014,91.38324737548828,,39.675994873046875,14.823296546936035,
2000-05-31,6.44,6.81,6.27,171.2,92.9499,4.0,,4755.7,,23.65,-0.3699999999999992,89.94649505615234,,37.39948654174805,14.304006576538086,
2000-06-30,6.1,6.48,6.53,172.2,92.9862,4.0,,4773.6,,19.54,-0.3800000000000008,91.71681213378906,,39.51337432861328,14.492840766906738,
2000-07-31,6.05,6.34,6.54,172.7,92.8048,4.0,,4791.3,,20.74,-0.29000000000000004,90.27659606933594,,35.12299346923828,14.492840766906738,
2000-08-31,5.83,6.23,6.5,172.7,92.5521,4.1,,4819.5,,16.84,-0.40000000000000036,96.1753158569336,,37.46271514892578,14.621424674987793,
2000-09-30,5.8,6.08,6.52,173.6,92.9792,3.9,,4855.2,,20.57,-0.28000000000000025,90.89899444580078,,35.61476516723633,14.175347328186035,
2000-10-31,5.74,5.91,6.51,173.9,92.6179,3.9,,4871.3,,23.63,-0.16999999999999993,90.47373962402344,,34.102840423583984,14.571856498718262,
2000-11-30,5.72,5.88,6.51,174.2,92.6438,3.9,,4882.7,,29.65,-0.16000000000000014,83.71961975097656,,31.582923889160156,13.679702758789062,
2000-12-31,5.24,5.35,6.4,174.6,92.3415,3.9,,4927.6,,26.85,-0.10999999999999943,83.28208923339844,,31.283599853515625,13.990826606750488,
2001-01-31,5.16,4.76,5.98,175.6,91.902,4.2,98.8346,4978.3,,22.02,0.40000000000000036,86.98473358154297,,31.106861114501953,14.153555870056152,
2001-02-28,5.1,4.66,5.49,176.0,91.3034,4.2,98.8346,5017.0,,28.35,0.4399999999999995,78.68744659423828,,29.77775764465332,13.248620986938477,
2001-03-31,4.89,4.34,5.31,176.1,91.1162,4.3,98.8346,5074.8,,28.64,0.5499999999999998,74.2780532836914,,28.95766258239746,12.446877479553223,
2001-04-30,5.14,4.23,4.8,176.4,90.7891,4.4,98.8346,5139.1,,25.48,0.9099999999999993,80.62435150146484,,31.72900390625,13.216869354248047,
2001-05-31,5.39,4.26,4.21,177.3,90.3555,4.3,,5137.2,,22.64,1.13,80.1723861694336,,30.795793533325195,12.91522216796875,
2001-06-30,5.28,4.08,3.97,177.7,89.8784,4.5,,5180.1,,19.06,1.2000000000000002,78.26193237304688,,28.929386138916016,12.502442359924316,
2001-07-31,5.24,4.04,3.77,177.4,89.3028,4.6,,5210.0,,21.62,1.2000000000000002,77.46398162841797,,26.582237243652344,12.343683242797852,
2001-08-31,4.97,3.76,3.65,177.4,89.2003,4.9,,5243.8,,24.92,1.21,72.86791229248047,,25.846982955932617,12.253538131713867,
2001-09-30,4.73,3.12,3.07,178.1,88.7485,5.0,,5355.1,,31.93,1.6100000000000003,66.91963958740234,,23.75433349609375,11.30102252960205,
2001-10-31,4.57,2.73,2.49,177.6,88.5052,5.3,,5343.8,,33.56,1.8400000000000003,67.79105377197266,,23.726055145263672,11.51896858215332,
2001-11-30,4.65,2.78,2.09,177.5,87.97,5.5,,5387.5,,23.84,1.8700000000000006,73.07721710205078,,23.697776794433594,11.648124694824219,
2001-12-31,5.09,3.11,1.82,177.4,87.9324,5.7,,5440.5,,23.8,1.98,73.48934173583984,,21.803089141845703,12.0410737991333,
2002-01-31,5.04,3.03,1.73,177.7,88.5176,5.7,101.22399999999999,5460.9,,21.09,2.0100000000000002,72.76921844482422,,20.191181182861328,11.61484432220459,
2002-02-28,4.91,3.02,1.74,178.0,88.5278,5.7,101.22399999999999,5490.2,,21.59,1.8900000000000001,71.46405029296875,,21.124391555786133,11.426312446594238,
2002-03-31,5.28,3.56,1.73,178.5,89.1686,5.7,101.22399999999999,5502.0,,17.4,1.7200000000000002,73.84164428710938,,23.019081115722656,12.016488075256348,
2002-04-30,5.21,3.42,1.75,179.3,89.604,5.9,101.22399999999999,5502.1,,21.91,1.79,69.5473403930664,,23.867450714111328,12.090254783630371,
2002-05-31,5.16,3.26,1.75,179.5,89.964,5.8,,5528.3,,19.98,1.9000000000000004,69.13471221923828,,25.33795928955078,11.852547645568848,
2002-06-30,4.93,2.99,1.75,179.6,90.7061,5.8,,5553.3,,25.4,1.9399999999999995,64.03206634521484,,23.839174270629883,11.393527030944824,
2002-07-31,4.65,2.56,1.73,180.0,90.6769,5.8,,5596.0,,32.03,2.0900000000000003,58.985015869140625,,22.227270126342773,10.737783432006836,
2002-08-31,4.26,2.13,1.74,180.5,90.5762,5.7,,5638.3,,32.64,2.13,59.38619613647461,,22.08587646484375,10.541060447692871,
2002-09-30,3.87,2.0,1.75,180.8,90.6531,5.7,,5662.3,,39.69,1.87,53.15943908691406,,20.728485107421875,9.582036972045898,
2002-10-31,3.94,1.91,1.75,181.2,90.4643,5.7,,5707.1,,31.14,2.0300000000000002,57.533599853515625,,19.540769577026367,10.04925537109375,
2002-11-30,4.05,1.92,1.34,181.5,90.9711,5.9,,5758.1,,27.5,2.13,61.08232879638672,,20.247739791870117,10.500079154968262,
2002-12-31,4.03,1.84,1.24,181.8,90.4652,6.0,,5779.4,,28.62,2.1900000000000004,57.62690734863281,,19.65388298034668,10.193821907043457,
2003-01-31,4.05,1.74,1.24,182.6,91.2361,5.8,102.958,5812.1,,31.17,2.3099999999999996,56.20956802368164,,19.14486312866211,9.807882308959961,
2003-02-28,3.9,1.63,1.26,183.6,91.3445,5.9,102.958,5848.2,,29.63,2.27,55.45194625854492,,19.34281349182129,9.338044166564941,
2003-03-31,3.81,1.57,1.25,183.9,91.1044,5.9,102.958,5868.4,,29.15,2.24,55.57058334350586,,18.268213272094727,9.3296537399292,
2003-04-30,3.96,1.62,1.26,183.2,90.5617,6.0,102.958,5905.5,,21.21,2.34,60.27252960205078,,18.126819610595703,10.33644962310791,7.555548667907715
2003-05-31,3.57,1.42,1.26,182.9,90.537,6.1,,5965.3,,19.47,2.15,63.57764434814453,,19.2014217376709,10.965699195861816,8.244826316833496
2003-06-30,3.33,1.23,1.22,183.1,90.6527,6.3,,6002.2,,19.52,2.1,64.25481414794922,,20.558805465698242,11.016042709350586,8.590896606445312
2003-07-31,3.98,1.47,1.01,183.7,91.1185,6.2,,6049.1,,19.49,2.51,65.41317749023438,,21.49201202392578,10.898580551147461,9.07812213897705
2003-08-31,4.45,1.86,1.03,184.5,90.9197,6.1,,6107.1,,18.63,2.59,66.76239776611328,,23.471548080444336,10.915360450744629,9.803224563598633
2003-09-30,4.27,1.71,1.01,185.1,91.5059,6.1,,6079.7,,22.72,2.5599999999999996,66.03424072265625,,24.772375106811523,11.250962257385254,9.739457130432129
2003-10-31,4.29,1.75,1.01,184.9,91.6186,6.0,,6070.0,,16.1,2.54,69.56887817382812,,26.1297664642334,12.14029598236084,10.633655548095703
2003-11-30,4.3,1.93,1.0,185.0,92.2329,5.8,,6075.5,,16.32,2.37,70.32868194580078,,25.33795928955078,12.425553321838379,10.8335599899292
2003-12-31,4.27,1.91,0.98,185.5,92.2602,5.7,,6073.8,,18.31,2.3599999999999994,73.86710357666016,,27.266876220703125,13.74123477935791,11.806900978088379
2004-01-31,4.15,1.76,1.0,186.3,92.4006,5.7,103.74600000000001,6082.1,,16.63,2.3900000000000006,75.32742309570312,,27.323442459106445,13.670676231384277,12.092835426330566
2004-02-29,4.08,1.74,1.01,186.7,92.958,5.6,103.74600000000001,6121.8,,14.55,2.34,76.34966278076172,,27.46487045288086,14.323342323303223,12.571075439453125
2004-03-31,3.83,1.58,1.0,187.1,92.5861,5.8,103.74600000000001,6157.9,,16.74,2.25,75.33838653564453,,30.74594497680664,13.979372024536133,12.640220642089844
2004-04-30,4.35,2.07,1.0,187.4,92.93,5.6,103.74600000000001,6198.9,,17.19,2.28,73.91288757324219,,28.681119918823242,13.750057220458984,11.40140151977539
2004-05-31,4.72,2.53,1.0,188.2,93.6013,5.6,,6275.7,,15.5,2.19,75.17850494384766,,28.256845474243164,14.023469924926758,11.534646987915039
2004-06-30,4.73,2.76,1.03,188.9,92.871,5.6,,6277.9,,14.34,1.9700000000000006,76.56938171386719,,30.0388126373291,14.243962287902832,11.641240119934082
2004-07-31,4.5,2.64,1.26,189.1,93.5649,5.5,,6291.1,,15.32,1.8599999999999999,74.10247802734375,,27.83257484436035,13.908814430236816,11.217743873596191
2004-08-31,4.28,2.51,1.43,189.2,93.6277,5.4,,6317.8,,15.29,1.7700000000000005,74.28292846679688,,28.228567123413086,14.0675687789917,11.613876342773438
2004-09-30,4.13,2.53,1.61,189.8,93.7467,5.4,,6352.2,,13.34,1.6,75.0285415649414,,27.436580657958984,14.402719497680664,12.424149513244629
2004-10-31,4.1,2.58,1.76,190.8,94.5465,5.5,,6379.8,,16.27,1.5199999999999996,75.99525451660156,,28.087142944335938,14.817252159118652,12.77778148651123
2004-11-30,4.19,2.85,1.93,191.7,94.7813,5.4,,6406.3,,13.24,1.3400000000000003,79.37838745117188,,29.161985397338867,15.663951873779297,14.049005508422852
2004-12-31,4.23,3.01,2.16,191.7,95.5365,5.4,,6424.5,,13.29,1.2200000000000006,81.76934814453125,,31.014019012451172,16.26294708251953,14.715774536132812
2005-01-31,4.22,3.22,2.28,191.6,95.8801,5.3,105.719,6430.8,,12.82,0.9999999999999996,79.93600463867188,,30.076780319213867,15.867385864257812,14.637768745422363
2005-02-28,4.17,3.38,2.5,192.4,96.5761,5.4,105.719,6438.9,,12.08,0.79,81.6069564819336,,30.701601028442383,16.70345687866211,16.055028915405273
2005-03-31,4.5,3.73,2.63,193.1,96.4456,5.2,105.719,6448.3,,14.02,0.77,80.11414337158203,23.069616317749023,29.79276466369629,16.298900604248047,14.78503131866455
2005-04-30,4.34,3.65,2.79,193.7,96.6532,5.2,105.719,6461.8,,15.31,0.69,78.61319732666016,22.57309341430664,29.111143112182617,16.10112762451172,14.600589752197266
2005-05-31,4.14,3.64,3.0,193.6,96.7402,5.1,,6479.0,,13.29,0.49999999999999956,81.1464614868164,22.633995056152344,28.74193000793457,15.975262641906738,15.062074661254883
2005-06-30,4.0,3.64,3.04,193.7,97.1753,5.0,,6511.7,,12.04,0.3599999999999999,81.26941680908203,22.93846893310547,28.798728942871094,16.15506935119629,15.65988826751709
2005-07-31,4.18,3.87,3.26,194.9,96.8676,5.0,,6543.5,,11.57,0.3099999999999996,84.3788833618164,23.57082748413086,29.111143112182617,16.27193832397461,16.862810134887695
2005-08-31,4.26,4.04,3.5,196.1,97.1833,4.9,,6576.3,,12.6,0.21999999999999975,83.587890625,24.240673065185547,31.61044692993164,16.919219970703125,17.085905075073242
2005-09-30,4.2,3.95,3.62,198.8,95.3005,5.0,,6610.1,,11.92,0.25,84.2586898803711,24.55919647216797,34.620967864990234,17.045080184936523,18.564403533935547
2005-10-31,4.46,4.27,3.78,199.1,96.4572,5.0,,6643.9,,15.32,0.1900000000000004,82.26590728759766,24.04862403869629,34.393760681152344,16.63153839111328,17.387725830078125
2005-11-30,4.54,4.42,4.0,198.1,97.5414,5.0,,6660.7,,12.06,0.1200000000000001,85.88172149658203,24.259403228759766,35.387786865234375,16.658504486083984,18.39380645751953
2005-12-31,4.47,4.4,4.16,198.1,98.0452,4.9,,6687.8,,12.07,0.0699999999999994,85.71736145019531,25.283647537231445,38.56179428100586,17.2203426361084,19.51692008972168
2006-01-31,4.42,4.4,4.29,199.3,98.1999,4.7,109.896,6730.1,99.4311,12.95,0.019999999999999574,87.77578735351562,26.88430404663086,39.98790740966797,18.267641067504883,22.287988662719727
2006-02-28,4.57,4.67,4.49,199.4,98.2413,4.8,109.896,6754.7,99.7695,12.34,-0.09999999999999964,88.27835083007812,26.79778480529785,39.36042022705078,18.16568946838379,21.42991065979004
2006-03-31,4.72,4.73,4.59,199.7,98.4628,4.7,109.896,6769.3,100.56,11.39,-0.010000000000000675,89.73531341552734,27.87451171875,41.07174301147461,18.684709548950195,21.89434051513672
2006-04-30,4.99,4.89,4.79,200.7,98.7618,4.7,109.896,6806.9,98.1412,11.59,0.10000000000000053,90.86881256103516,29.33096694946289,42.21261978149414,19.88031005859375,23.320781707763672
2006-05-31,5.11,4.97,4.94,201.3,98.7869,4.6,,6813.7,97.7705,16.44,0.14000000000000057,88.13180541992188,28.470537185668945,39.93085861206055,19.352025985717773,20.722211837768555
2006-06-30,5.11,5.12,4.99,201.8,99.0997,4.6,,6851.8,98.2483,13.08,-0.009999999999999787,88.36165618896484,28.75894546508789,38.9040641784668,19.509580612182617,20.766450881958008
2006-07-31,5.09,5.12,5.24,202.9,99.0489,4.7,,6893.6,97.9996,14.95,-0.03000000000000025,88.75736999511719,29.056961059570312,38.704410552978516,20.01934242248535,21.25298309326172
2006-08-31,4.88,4.9,5.25,203.8,99.4836,4.7,,6925.1,97.644,12.31,-0.020000000000000462,90.69422912597656,29.99909019470215,39.10372543334961,20.454938888549805,21.58913803100586
2006-09-30,4.72,4.77,5.25,202.8,99.3183,4.5,,6952.4,98.1054,11.98,-0.04999999999999982,93.14309692382812,30.335573196411133,38.61884689331055,20.288114547729492,21.401161193847656
2006-10-31,4.73,4.8,5.25,201.9,99.2044,4.4,,7001.7,97.3901,11.1,-0.0699999999999994,96.0787124633789,31.455549240112305,39.38894271850586,21.224201202392578,22.91164207458496
2006-11-30,4.6,4.74,5.25,202.0,99.1627,4.5,,7037.2,96.5779,10.91,-0.14000000000000057,97.98927307128906,32.63801956176758,39.38894271850586,21.826641082763672,24.282793045043945
2006-12-31,4.56,4.67,5.24,203.1,100.1735,4.4,,7080.1,97.0312,11.56,-0.11000000000000032,99.29946899414062,33.640377044677734,40.81846618652344,22.448556900024414,25.60860252380371
2007-01-31,4.76,4.88,5.25,203.437,99.8346,4.6,113.73100000000001,7118.3,97.964,10.42,-0.1200000000000001,100.79300689697266,34.16848373413086,41.10572052001953,22.601991653442383,25.637752532958984
2007-02-28,4.72,4.85,5.26,204.226,100.7753,4.5,113.73100000000001,7134.3,97.2386,15.42,-0.1299999999999999,98.81566619873047,33.7440185546875,42.39834976196289,22.266366958618164,24.80782699584961
2007-03-31,4.56,4.57,5.26,205.288,100.9547,4.4,113.73100000000001,7168.2,96.3183,14.64,-0.010000000000000675,99.96087646484375,35.002586364746094,41.85258102416992,23.081451416015625,26.13121223449707
2007-04-30,4.69,4.67,5.25,205.904,101.6334,4.5,113.73100000000001,7240.7,94.8365,14.22,0.020000000000000462,104.38868713378906,37.016265869140625,41.01953125,23.829418182373047,27.104694366455078
2007-05-31,4.75,4.77,5.25,206.755,101.7306,4.4,,7254.6,94.3215,13.05,-0.019999999999999574,107.92955780029297,37.805938720703125,41.93874740600586,24.3376522064209,28.4774227142334
2007-06-30,5.1,4.98,5.25,207.234,101.7893,4.6,,7287.8,94.1393,16.23,0.11999999999999922,106.35157012939453,37.672691345214844,41.680233001708984,24.50067138671875,29.524917602539062
2007-07-31,5.0,4.82,5.26,207.603,101.6672,4.7,,7318.7,93.4264,23.52,0.17999999999999972,103.02165985107422,36.60166931152344,41.45042037963867,23.675992965698242,29.735759735107422
2007-08-31,4.67,4.31,5.02,207.667,101.863,4.6,,7394.8,93.6674,23.38,0.3600000000000003,104.3437271118164,36.70039749145508,40.41632843017578,23.72393035888672,30.04529571533203
2007-09-30,4.52,4.01,4.94,208.547,102.0894,4.7,,7413.0,90.9446,18.0,0.5099999999999998,108.38326263427734,38.595619201660156,41.19188690185547,24.673282623291016,33.52198028564453
2007-10-31,4.53,3.97,4.76,209.19,101.8015,4.7,,7428.1,89.1389,18.53,0.56,109.85366821289062,40.42669677734375,41.24934387207031,26.10208511352539,37.50111389160156
2007-11-30,4.15,3.34,4.49,210.834,102.3446,4.7,,7453.6,89.6212,22.87,0.8100000000000005,105.59883117675781,38.90656661987305,40.41632843017578,24.567798614501953,34.63228988647461
2007-12-31,4.1,3.12,4.24,211.445,102.3803,5.0,,7483.9,89.6304,22.5,0.9799999999999995,104.40970611572266,38.10020065307617,38.57240295410156,23.895830154418945,34.145111083984375
2008-01-31,3.74,2.48,3.94,212.174,102.2448,5.0,119.95299999999999,7517.5,88.6547,26.2,1.2600000000000002,98.0969467163086,34.67819595336914,36.91804885864258,21.99051856994629,31.0986328125
2008-02-29,3.74,1.97,2.98,212.687,101.8438,4.9,119.95299999999999,7604.0,87.1654,26.54,1.7700000000000002,95.56187438964844,34.57634735107422,36.36661148071289,21.732505798339844,31.718841552734375
2008-03-31,3.51,1.62,2.61,213.448,101.5336,5.1,119.95299999999999,7670.0,86.6881,25.61,1.8899999999999997,94.70734405517578,35.029579162597656,35.902217864990234,21.395111083984375,30.528411865234375
2008-04-30,3.68,2.05,2.28,213.942,100.8785,5.0,119.95299999999999,7712.5,86.8907,20.79,1.6300000000000003,99.2213134765625,36.465579986572266,38.54338073730469,22.66531753540039,33.31818771362305
2008-05-31,3.88,2.45,1.98,215.208,100.2674,5.4,,7725.2,86.5504,17.83,1.4299999999999997,100.72117614746094,36.71000289916992,39.29798889160156,22.615699768066406,34.37229537963867
2008-06-30,4.1,2.77,2.0,217.463,100.0335,5.6,,7743.9,86.7621,23.95,1.3299999999999996,92.30335235595703,33.41023254394531,36.36605453491211,21.030858993530273,31.18614959716797
2008-07-31,4.01,2.57,2.01,219.016,99.676,5.8,,7791.2,86.8567,22.94,1.44,91.47391510009766,32.44779968261719,34.995399475097656,20.168113708496094,29.469676971435547
2008-08-31,3.89,2.42,2.0,218.69,98.1111,6.1,,7805.8,90.0567,20.65,1.4700000000000002,92.88752746582031,31.2002010345459,33.274784088134766,19.48805809020996,27.608428955078125
2008-09-30,3.69,2.08,1.81,218.877,93.7895,6.1,,7872.4,92.3773,39.39,1.6099999999999999,84.13996887207031,27.177324295043945,31.087574005126953,16.899795532226562,23.5550537109375
2008-10-31,3.81,1.61,0.97,216.995,94.7219,6.5,,7974.9,99.7662,59.89,2.2,70.24118041992188,21.244863510131836,26.246538162231445,13.56043815612793,17.53014373779297
2008-11-30,3.53,1.21,0.39,213.153,93.4715,6.8,,8027.0,101.6468,55.84,2.32,65.35189056396484,19.67643928527832,25.2549991607666,12.687539100646973,15.82055950164795
2008-12-31,2.42,0.82,0.16,211.398,90.8357,7.3,,8204.7,98.6518,40.0,1.6,65.99214172363281,21.09028434753418,28.169649124145508,12.792265892028809,17.45538330078125
2009-01-31,2.52,0.81,0.15,211.933,88.57,7.8,116.521,8289.0,102.1169,44.84,1.71,60.573246002197266,18.17084312438965,24.78811264038086,11.591362953186035,15.833573341369629
2009-02-28,2.87,0.98,0.22,212.705,88.031,8.3,116.521,8319.3,104.9284,46.35,1.8900000000000001,54.0647087097168,16.2850399017334,21.671218872070312,10.463556289672852,14.840920448303223
2009-03-31,2.82,0.93,0.18,212.495,86.6528,8.7,116.521,8386.4,102.3761,44.14,1.8899999999999997,58.56887435913086,17.53857421875,23.229665756225586,10.943920135498047,17.343536376953125
2009-04-30,2.93,0.93,0.15,212.709,85.9344,9.0,116.521,8391.1,100.1042,36.5,2.0,64.38748168945312,19.847736358642578,25.023347854614258,12.249249458312988,20.041885375976562
2009-05-31,3.29,0.93,0.18,213.022,85.0665,9.4,,8449.2,95.268,28.92,2.36,68.151123046875,22.67919921875,27.552148818969727,14.33778190612793,23.23656463623047
2009-06-30,3.72,1.18,0.21,214.79,84.7459,9.5,,8459.3,96.3761,26.35,2.54,68.1064682006836,22.145896911621094,27.878938674926758,14.045268058776855,22.713855743408203
2009-07-31,3.56,1.02,0.16,214.726,85.7027,9.5,,8463.5,94.2526,25.92,2.54,73.18767547607422,24.658475875854492,29.17976951599121,15.236088752746582,25.215696334838867
2009-08-31,3.59,1.12,0.16,215.445,86.6426,9.6,,8463.0,94.6202,26.01,2.4699999999999998,75.89118194580078,26.0109806060791,30.214515686035156,15.895288467407227,24.884469985961914
2009-09-30,3.4,0.96,0.15,215.861,87.4063,9.8,,8461.6,93.1907,25.61,2.44,78.58204650878906,27.2645206451416,29.386720657348633,16.490697860717773,27.421541213989258
2009-10-31,3.39,0.95,0.12,216.509,87.6419,10.0,,8487.9,92.6207,30.69,2.4400000000000004,77.07128143310547,26.56078338623047,28.233718872070312,16.469432830810547,26.477182388305664
2009-11-30,3.4,0.8,0.12,217.234,88.0221,9.9,,8517.0,91.3717,24.51,2.5999999999999996,81.81938171386719,27.764842987060547,28.26328468322754,17.298757553100586,28.556180953979492
2009-12-31,3.59,0.87,0.12,217.347,88.3793,9.9,,8512.2,92.9124,21.68,2.7199999999999998,83.3822250366211,27.699039459228516,29.05527687072754,17.425813674926758,29.49163055419922
2010-01-31,3.73,0.93,0.11,217.488,89.3426,9.8,102.37200000000001,8477.7,93.7638,24.62,2.8,80.35189056396484,25.962135314941406,29.353593826293945,16.59754753112793,27.20336151123047
2010-02-28,3.69,0.86,0.13,217.281,89.6779,9.8,102.37200000000001,8527.3,93.6602,19.5,2.83,82.85848236083984,25.81928825378418,29.65190315246582,16.457712173461914,27.68659782409668
2010-03-31,3.73,0.96,0.16,217.353,90.2928,9.9,102.37200000000001,8523.5,92.8987,17.59,2.77,87.90286254882812,27.49907112121582,31.1434326171875,17.501110076904297,29.93222427368164
2010-04-30,3.85,1.06,0.2,217.403,90.5991,9.9,102.37200000000001,8554.8,92.8423,22.05,2.79,89.26277160644531,26.453493118286133,30.994277954101562,17.124624252319336,29.882488250732422
2010-05-31,3.42,0.83,0.2,217.29,91.823,9.6,,8609.0,96.3062,32.07,2.59,82.17042541503906,23.345354080200195,28.36917495727539,15.242207527160645,27.075439453125
2010-06-30,3.2,0.72,0.18,217.199,91.9928,9.4,,8628.1,95.9934,34.54,2.4800000000000004,77.9188232421875,22.962547302246094,27.642274856567383,14.711453437805176,26.696762084960938
2010-07-31,3.01,0.62,0.18,217.605,92.3421,9.4,,8639.5,93.2793,23.5,2.3899999999999997,83.24073028564453,26.21924591064453,28.934242248535156,16.845932006835938,29.61537742614746
2010-08-31,2.7,0.52,0.19,217.923,92.6805,9.5,,8687.9,94.7204,26.05,2.18,79.49652099609375,25.019407272338867,28.183088302612305,16.3752498626709,28.656803131103516
2010-09-30,2.65,0.48,0.19,218.275,92.9537,9.5,,8718.7,91.3415,23.7,2.17,86.61579895019531,27.836164474487305,29.715436935424805,17.907690048217773,32.02610397338867
2010-10-31,2.54,0.38,0.19,219.035,92.6903,9.4,,8768.4,90.0935,21.2,2.16,89.92469787597656,29.19597053527832,30.106035232543945,18.66297149658203,32.9918098449707
2010-11-30,2.76,0.45,0.19,219.59,92.7709,9.8,,8789.0,92.1494,23.54,2.3099999999999996,89.92469787597656,26.916282653808594,30.857179641723633,17.688772201538086,32.03324890136719
2010-12-31,3.29,0.62,0.18,220.472,93.6787,9.3,,8823.2,90.5146,17.75,2.67,95.9363784790039,29.375532150268555,33.004661560058594,19.204957962036133,34.364566802978516
2011-01-31,3.39,0.61,0.17,221.187,93.4814,9.1,91.8596,8849.0,89.694,19.53,2.7800000000000002,98.17170715332031,30.458633422851562,33.06516647338867,19.41503143310547,33.04450988769531
2011-02-28,3.58,0.77,0.16,221.898,93.1102,9.0,91.8596,8913.3,88.9391,18.35,2.81,101.5819091796875,31.410114288330078,34.88027572631836,20.29953956604004,33.03009033203125
2011-03-31,3.41,0.7,0.14,223.046,94.0788,9.0,91.8596,8971.5,88.0299,17.74,2.71,101.59415435791016,31.086971282958984,31.219812393188477,19.802005767822266,35.107540130615234
2011-04-30,3.46,0.73,0.1,224.093,93.7749,9.1,91.8596,9035.1,85.5999,14.75,2.73,104.53646087646484,33.672054290771484,31.85509490966797,21.128774642944336,36.066917419433594
2011-05-31,3.17,0.56,0.09,224.806,93.888,9.0,,9107.8,86.656,15.45,2.61,103.3641357421875,32.71461486816406,31.068557739257812,20.631235122680664,35.00655746459961
2011-06-30,3.0,0.41,0.09,224.806,94.172,9.1,,9182.1,86.4786,16.52,2.59,101.62042236328125,32.032432556152344,31.82771110534668,20.03165626525879,34.679073333740234
2011-07-31,3.0,0.41,0.07,225.395,94.636,9.0,,9344.2,85.7282,25.25,2.59,99.5875015258789,30.56037139892578,32.68214416503906,19.952930450439453,34.32209396362305
2011-08-31,2.3,0.23,0.1,226.106,95.2749,9.0,,9531.0,86.7739,31.62,2.07,94.1126480102539,27.72395133972168,30.057817459106445,18.42327308654785,31.14559555053711
2011-09-30,1.98,0.21,0.08,226.597,95.1961,9.0,,9551.5,91.9998,42.96,1.77,87.57926177978516,24.331016540527344,28.867698669433594,16.612451553344727,25.572175979614258
2011-10-31,2.15,0.28,0.07,226.75,95.8568,8.8,,9584.4,89.2053,29.96,1.8699999999999999,97.13832092285156,27.352949142456055,28.684608459472656,18.76070785522461,29.732213973999023
2011-11-30,2.01,0.25,0.08,227.169,95.8485,8.6,,9636.5,91.4728,27.8,1.7599999999999998,96.74354553222656,26.56903076171875,28.776153564453125,18.45702362060547,29.149364471435547
2011-12-31,1.98,0.26,0.07,227.223,96.3571,8.5,,9683.9,92.4262,23.4,1.72,97.7543716430664,25.94771385192871,28.13398551940918,18.447959899902344,27.90620231628418
2012-01-31,1.97,0.24,0.08,227.842,96.9318,8.3,,9757.6,90.5538,19.44,1.73,102.28765869140625,27.3631534576416,29.492813110351562,19.04158592224121,30.97338104248047
2012-02-29,1.97,0.28,0.1,228.329,97.2435,8.3,,9809.8,89.7487,18.43,1.69,106.72750854492188,28.847490310668945,30.851655960083008,20.01192855834961,32.606266021728516
2012-03-31,2.17,0.34,0.13,228.807,96.74,8.2,,9853.9,90.4593,15.5,1.8299999999999998,110.16026306152344,28.86626625061035,31.43842124938965,19.74936294555664,31.591238021850586
2012-04-30,2.05,0.29,0.14,229.187,97.4359,8.2,,9907.7,90.3634,17.15,1.7599999999999998,109.42485809326172,28.146028518676758,30.07958984375,20.034757614135742,31.05428695678711
2012-05-31,1.8,0.29,0.16,228.713,97.6609,8.2,,9951.4,94.6856,24.06,1.51,102.8532943725586,24.77652359008789,27.454570770263672,17.751598358154297,27.729671478271484
2012-06-30,1.62,0.29,0.16,228.524,97.6663,8.2,,10021.6,92.9096,17.08,1.33,107.02717590332031,26.824527740478516,29.34050178527832,19.037086486816406,29.12596893310547
2012-07-31,1.53,0.25,0.16,228.59,97.8713,8.2,,10074.5,92.8422,18.93,1.28,108.29328155517578,26.91221809387207,28.03093910217285,19.200693130493164,29.1185245513916
2012-08-31,1.68,0.27,0.13,229.918,97.4525,8.1,,10145.6,92.1677,17.47,1.41,111.00630187988281,28.17108154296875,28.249202728271484,19.83176040649414,29.237613677978516
2012-09-30,1.72,0.26,0.14,231.015,97.381,7.8,,10226.1,90.8342,15.73,1.46,113.82042694091797,28.997543334960938,28.59218406677246,20.33426856994629,30.76350975036621
2012-10-31,1.75,0.28,0.16,231.638,97.7193,7.8,,10292.4,91.1609,18.6,1.47,111.74910736083984,29.510095596313477,28.249202728271484,20.42776107788086,30.6295223236084
2012-11-30,1.65,0.27,0.16,231.249,98.0777,7.7,,10361.9,91.1038,15.87,1.38,112.3815689086914,30.24048614501953,29.0910587310791,20.661487579345703,31.105913162231445
2012-12-31,1.72,0.26,0.16,231.221,98.3101,7.9,,10484.1,91.0834,18.02,1.46,113.3856201171875,31.5425968170166,30.72800636291504,21.26354217529297,33.222225189208984
2013-01-31,1.91,0.27,0.14,231.679,98.3342,8.0,,10508.1,90.798,14.28,1.64,119.18988037109375,32.892398834228516,31.421356201171875,21.8917293548584,33.124847412109375
2013-02-28,1.98,0.27,0.15,232.937,98.7941,7.7,,10527.5,92.295,15.51,1.71,120.71057891845703,31.775100708007812,32.177738189697266,21.299095153808594,32.36826705932617
2013-03-31,1.96,0.26,0.14,232.282,99.1921,7.5,,10583.8,92.302,12.7,1.7,125.29412841796875,31.883113861083984,34.03718185424805,21.65467643737793,32.038665771484375
2013-04-30,1.76,0.23,0.15,231.797,99.1065,7.6,,10611.3,91.3741,13.52,1.53,127.7012939453125,33.33028793334961,36.873600006103516,22.271013259887695,32.428199768066406
2013-05-31,1.93,0.25,0.11,231.893,99.1839,7.5,,10646.1,93.6076,16.3,1.68,130.71629333496094,33.3367919921875,34.16325759887695,22.24730682373047,30.86258316040039
2013-06-30,2.3,0.33,0.09,232.445,99.3897,7.5,,10703.3,94.3047,16.86,1.9699999999999998,128.971923828125,31.852476119995117,35.513832092285156,21.241891860961914,29.21891975402832
2013-07-31,2.58,0.34,0.09,232.9,99.0814,7.3,,10742.8,93.5703,13.45,2.24,135.63681030273438,34.28129196166992,35.513832092285156,22.601083755493164,29.60597038269043
2013-08-31,2.74,0.36,0.08,233.456,99.6543,7.2,,10801.2,94.7541,17.01,2.3800000000000003,131.56878662109375,33.7783203125,34.406009674072266,22.432687759399414,28.854629516601562
2013-09-30,2.81,0.4,0.08,233.544,100.161,7.2,,10862.0,92.9207,16.6,2.41,135.73239135742188,36.202110290527344,37.729496002197266,23.599424362182617,30.934104919433594
2013-10-31,2.62,0.34,0.09,233.669,100.082,7.2,,10986.3,92.731,13.75,2.2800000000000002,142.01776123046875,37.716609954833984,37.697837829589844,24.477495193481445,32.22428512573242
2013-11-30,2.72,0.3,0.08,234.1,100.3158,6.9,,10995.6,93.6291,13.7,2.4200000000000004,146.2268829345703,38.10188674926758,38.1726188659668,24.669940948486328,32.14081573486328
2013-12-31,2.9,0.34,0.09,234.719,100.5175,6.7,,11060.1,93.5576,13.72,2.56,150.01797485351562,39.22203826904297,38.716304779052734,25.416927337646484,32.010128021240234
2014-01-31,2.86,0.39,0.07,235.288,100.1599,6.6,,11130.8,95.1774,18.41,2.4699999999999998,144.7300567626953,37.427711486816406,36.133087158203125,24.236164093017578,29.245615005493164
2014-02-28,2.71,0.33,0.07,235.547,100.9168,6.7,,11196.8,94.3879,14.0,2.38,151.3175811767578,40.175907135009766,37.02604293823242,25.87949562072754,30.233489990234375
2014-03-31,2.72,0.4,0.08,236.028,101.8942,6.7,,11232.6,94.2432,13.88,2.3200000000000003,152.57289123535156,39.923240661621094,36.133087158203125,25.063919067382812,31.4051513671875
2014-04-30,2.71,0.42,0.09,236.468,101.9928,6.2,,11277.7,93.8896,13.41,2.29,153.6334686279297,40.979732513427734,35.33579635620117,26.195995330810547,31.650203704833984
2014-05-31,2.56,0.39,0.09,236.918,102.3836,6.3,,11342.8,93.7606,11.4,2.17,157.19879150390625,41.29803466796875,36.93037414550781,26.451627731323242,32.5844612121582
2014-06-30,2.6,0.45,0.1,237.231,102.735,6.1,,11398.1,93.2058,11.57,2.15,160.44407653808594,41.26142120361328,38.65958786010742,26.66505241394043,33.3670768737793
2014-07-31,2.54,0.51,0.09,237.498,102.9632,6.2,,11453.0,94.4467,16.95,2.0300000000000002,158.28811645507812,39.478824615478516,38.53115463256836,26.02652359008789,33.82246780395508
2014-08-31,2.42,0.47,0.09,237.46,102.7688,6.1,,11477.3,94.7251,11.98,1.95,164.53477478027344,39.767879486083984,37.88896179199219,26.23086166381836,34.779563903808594
2014-09-30,2.53,0.57,0.09,237.477,103.0641,5.9,,11519.1,97.5261,16.31,1.96,162.26473999023438,38.18712615966797,37.792640686035156,24.749467849731445,32.07809066772461
2014-10-31,2.3,0.45,0.09,237.43,103.0764,5.7,,11593.1,98.1163,14.03,1.8499999999999999,166.08624267578125,37.46100616455078,38.72381591796875,24.27695655822754,32.533485412597656
2014-11-30,2.33,0.53,0.09,236.983,103.7126,5.8,,11634.2,100.0719,13.33,1.8,170.64895629882812,38.23553466796875,37.310997009277344,24.302490234375,32.03177261352539
2014-12-31,2.21,0.64,0.12,236.252,103.7044,5.6,,11717.6,102.2843,19.2,1.5699999999999998,170.21612548828125,36.442325592041016,36.305747985839844,23.48567771911621,30.76218605041504
2015-01-31,1.88,0.55,0.11,234.747,102.8905,5.7,,11805.2,105.5884,20.97,1.3299999999999998,165.17271423339844,36.63007354736328,37.11326599121094,23.49870491027832,30.550783157348633
2015-02-28,1.98,0.62,0.11,235.342,102.2335,5.5,,11922.8,105.5981,13.34,1.3599999999999999,174.4561767578125,38.862083435058594,39.891109466552734,24.87944221496582,31.897464752197266
2015-03-31,2.04,0.64,0.11,235.976,101.8914,5.4,,11920.5,107.4396,15.29,1.4,171.7162322998047,37.91462707519531,40.47250747680664,23.459627151489258,31.41986083984375
2015-04-30,1.94,0.54,0.12,236.222,101.3355,5.4,,11954.6,105.312,14.55,1.4,173.40481567382812,39.52296447753906,41.53843688964844,25.022724151611328,33.57298278808594
2015-05-31,2.2,0.61,0.12,237.001,100.8883,5.6,,11982.6,106.7388,13.84,1.5900000000000003,175.63421630859375,39.63484573364258,42.15214157104492,25.179035186767578,32.19499206542969
2015-06-30,2.36,0.69,0.13,237.657,100.571,5.3,,12023.2,106.5191,18.23,1.67,172.06668090820312,38.337703704833984,41.58709716796875,24.20564842224121,31.25139617919922
2015-07-31,2.32,0.67,0.13,238.034,101.2228,5.2,,12067.0,108.7819,12.12,1.65,175.9535675048828,39.36042022705078,41.976680755615234,24.59028434753418,29.279451370239258
2015-08-31,2.17,0.7,0.14,238.033,101.0367,5.1,,12112.0,110.5621,28.43,1.47,165.2291259765625,36.597660064697266,39.347042083740234,22.627307891845703,26.6922607421875
2015-09-30,2.17,0.71,0.14,237.498,100.7547,5.0,,12173.9,111.3311,24.5,1.46,161.01319885253906,35.08985900878906,37.10698318481445,21.738664627075195,25.85615348815918
2015-10-31,2.07,0.64,0.12,237.733,100.2675,5.0,,12225.2,110.2079,15.07,1.4299999999999997,174.70892333984375,37.159027099609375,39.99632263183594,23.171106338500977,27.504701614379883
2015-11-30,2.26,0.88,0.12,238.017,99.5298,5.1,,12317.0,112.34,16.13,1.38,175.34756469726562,36.695247650146484,40.19112014770508,22.786468505859375,26.810579299926758
2015-12-31,2.24,0.98,0.24,237.761,99.0417,5.0,,12387.9,113.3429,18.21,1.2600000000000002,172.31703186035156,35.735652923583984,39.63529586791992,21.837289810180664,25.786455154418945
2016-01-31,2.09,0.9,0.34,237.652,99.5607,4.8,,12518.5,115.5731,20.2,1.19,163.7379913330078,33.751136779785156,37.60774612426758,20.78195571899414,24.48872184753418
2016-02-29,1.78,0.73,0.38,237.336,99.0445,4.9,,12603.9,114.2418,20.55,1.05,163.6027374267578,32.66215515136719,35.6129035949707,20.13252067565918,24.2884578704834
2016-03-31,1.89,0.88,0.36,238.08,98.3096,5.0,,12661.8,109.9191,13.95,1.0099999999999998,174.60765075683594,34.95735549926758,37.313411712646484,21.214914321899414,27.436664581298828
2016-04-30,1.81,0.77,0.37,238.992,98.6421,5.1,,12743.2,108.8274,15.7,1.04,175.29580688476562,35.92279815673828,37.346126556396484,22.06729507446289,27.54880714416504
2016-05-31,1.81,0.82,0.37,239.557,98.4184,4.8,,12802.0,112.4276,14.19,0.9900000000000001,178.27786254882812,35.742671966552734,38.556114196777344,21.810230255126953,26.531448364257812
2016-06-30,1.64,0.73,0.38,240.222,98.8833,4.9,,12852.5,112.1618,15.63,0.9099999999999999,178.89755249023438,34.286197662353516,37.904022216796875,21.313032150268555,27.741050720214844
2016-07-31,1.5,0.67,0.39,240.101,98.9992,4.8,,12911.9,111.874,11.87,0.83,185.42213439941406,35.47660827636719,39.74979019165039,21.6319637298584,29.234670639038086
2016-08-31,1.56,0.74,0.4,240.545,98.85,4.9,,12989.7,112.4036,13.42,0.8200000000000001,185.64419555664062,35.71907424926758,40.47490692138672,21.867698669433594,29.49303436279297
2016-09-30,1.63,0.77,0.4,241.176,98.7457,5.0,,13054.9,112.2795,13.29,0.8599999999999999,185.65496826171875,36.000770568847656,41.33186721801758,21.964765548706055,30.235809326171875
2016-10-31,1.76,0.84,0.4,241.741,98.7611,4.9,,13122.8,114.0188,17.06,0.92,182.43629455566406,34.730072021484375,41.62850570678711,20.799970626831055,29.985519409179688
2016-11-30,2.14,0.98,0.41,242.026,98.3491,4.7,,13208.7,117.7636,13.33,1.1600000000000001,189.15692138671875,33.91742706298828,41.10939025878906,20.841564178466797,28.661447525024414
2016-12-31,2.49,1.2,0.54,242.637,99.0214,4.7,,13234.9,118.3466,14.04,1.2900000000000003,192.991455078125,35.58659362792969,40.72994613647461,21.572986602783203,28.589021682739258
2017-01-31,2.43,1.21,0.65,243.618,98.7611,4.7,,13315.7,116.2241,11.99,1.2200000000000002,196.4449920654297,36.640689849853516,42.15541458129883,22.10721778869629,30.491697311401367
2017-02-28,2.42,1.2,0.66,244.006,98.3646,4.6,,13394.8,116.0032,12.92,1.22,204.16358947753906,36.85595703125,42.70558547973633,22.430566787719727,31.02248191833496
2017-03-31,2.48,1.31,0.79,243.892,99.0137,4.4,,13463.6,114.7938,12.37,1.17,204.41880798339844,38.48878479003906,42.9306640625,22.880441665649414,32.165714263916016
2017-04-30,2.3,1.24,0.9,244.193,100.0224,4.4,,13521.7,114.7877,10.82,1.0599999999999998,206.44793701171875,39.98893356323242,43.23076248168945,23.267053604125977,32.71284103393555
2017-05-31,2.3,1.3,0.91,244.004,100.1408,4.4,,13568.9,113.2956,10.41,0.9999999999999998,209.3614959716797,41.95180892944336,44.422813415527344,24.328479766845703,33.64375305175781
2017-06-30,2.19,1.34,1.04,244.163,100.3471,4.3,,13580.5,111.9896,11.18,0.8499999999999999,210.6961669921875,41.73637771606445,45.01091003417969,23.945486068725586,33.955509185791016
2017-07-31,2.32,1.37,1.15,244.243,100.1068,4.3,,13643.1,109.8177,10.26,0.9499999999999997,215.02685546875,42.91716003417969,45.94215774536133,24.5130558013916,35.932621002197266
2017-08-31,2.21,1.34,1.16,245.183,99.6925,4.4,,13697.7,109.3686,10.59,0.8699999999999999,215.6542205810547,42.94744110107422,45.90021896362305,24.311891555786133,36.777618408203125
2017-09-30,2.2,1.38,1.15,246.435,99.7954,4.3,,13745.1,110.0867,9.51,0.8200000000000003,219.99952697753906,44.326175689697266,46.73918914794922,25.037511825561523,36.761207580566406
2017-10-31,2.36,1.55,1.15,246.626,101.0247,4.2,,13800.1,111.8052,10.18,0.8099999999999998,225.18359375,44.5313606262207,49.205772399902344,25.18838119506836,37.96717071533203
2017-11-30,2.35,1.7,1.16,247.284,101.2664,4.2,,13843.5,110.4648,11.28,0.6500000000000001,232.06654357910156,44.50856018066406,50.26287841796875,25.159643173217773,37.81949234008789
2017-12-31,2.4,1.84,1.3,247.805,101.4644,4.1,,13881.7,110.0783,11.04,0.5599999999999998,234.88099670410156,45.189693450927734,50.612789154052734,26.2197265625,39.24210739135742
2018-01-31,2.58,2.03,1.41,248.859,101.4625,4.0,,13900.3,106.7696,13.54,0.5500000000000003,248.11874389648438,47.733768463134766,53.15482711791992,27.200584411621094,42.49839401245117
2018-02-28,2.86,2.18,1.42,249.529,101.7085,4.1,,13949.3,108.3903,19.85,0.6799999999999997,239.0970916748047,44.80005645751953,51.57555389404297,25.377939224243164,39.99163055419922
2018-03-31,2.84,2.28,1.51,249.577,102.2067,4.0,,14012.7,107.4784,19.97,0.56,232.54327392578125,44.64268493652344,51.24618911743164,25.43650245666504,40.208160400390625
2018-04-30,2.87,2.38,1.69,250.227,103.3329,4.0,,14035.9,109.3363,15.93,0.4900000000000002,233.74508666992188,45.602325439453125,51.21240234375,26.534475326538086,39.07554244995117
2018-05-31,2.98,2.51,1.7,250.792,102.4024,3.8,,14092.4,111.9894,15.43,0.4700000000000002,239.42723083496094,44.49681091308594,50.45233154296875,26.373443603515625,38.051185607910156
2018-06-30,2.91,2.53,1.82,251.018,103.198,4.0,,14137.2,113.2586,16.09,0.38000000000000034,240.8041229248047,43.94572830200195,49.28545379638672,26.060070037841797,36.32149887084961
2018-07-31,2.89,2.61,1.91,251.214,103.3646,3.8,,14174.6,112.7299,12.83,0.28000000000000025,249.72508239746094,45.441123962402344,49.813114166259766,26.30733299255371,37.6040153503418
2018-08-31,2.89,2.64,1.91,251.663,104.0327,3.8,,14223.2,114.2755,12.86,0.25,257.69635009765625,44.157127380371094,49.549278259277344,25.153440475463867,36.18737030029297
2018-09-30,3.0,2.77,1.95,252.182,104.1004,3.7,,14245.5,113.8077,12.12,0.22999999999999998,259.2283630371094,44.18700408935547,51.25993347167969,25.56554412841797,35.97780227661133
2018-10-31,3.15,2.86,2.19,252.772,103.9856,3.8,,14256.6,116.5281,21.23,0.29000000000000004,241.31468200683594,40.69731140136719,46.67266082763672,23.834701538085938,32.82598114013672
2018-11-30,3.12,2.86,2.2,252.594,104.0681,3.8,,14282.8,116.413,18.07,0.26000000000000023,245.7908477783203,40.42223358154297,47.09819793701172,23.549968719482422,34.4354248046875
2018-12-31,2.83,2.68,2.27,252.767,104.0936,3.9,,14386.8,115.5674,25.42,0.1499999999999999,224.14932250976562,38.46356201171875,43.47584533691406,22.470993041992188,33.2340087890625
2019-01-31,2.71,2.54,2.4,252.561,103.4021,4.0,,14459.7,113.5504,16.57,0.16999999999999993,242.0959930419922,41.03465270996094,46.554927825927734,24.109426498413086,36.67142105102539
2019-02-28,2.68,2.5,2.4,253.319,102.8371,3.8,,14506.3,114.1991,14.78,0.18000000000000016,249.94371032714844,42.332061767578125,46.6235466003418,24.936294555664062,36.109859466552734
2019-03-31,2.57,2.41,2.41,254.277,102.8757,3.8,,14557.5,115.1371,13.71,0.1599999999999997,254.46788024902344,42.654598236083984,46.93231201171875,25.27316665649414,36.518272399902344
2019-04-30,2.53,2.34,2.42,255.233,102.274,3.7,,14594.7,115.3281,13.12,0.18999999999999995,264.8634948730469,44.325462341308594,47.53268051147461,25.84738540649414,37.377628326416016
2019-05-31,2.4,2.21,2.39,255.296,102.392,3.6,,14704.4,116.7273,18.71,0.18999999999999995,247.97280883789062,41.81119918823242,45.216949462890625,24.26255226135254,34.63789749145508
2019-06-30,2.07,1.81,2.38,255.213,102.4375,3.6,,14802.8,114.5821,15.08,0.2599999999999998,265.2284851074219,44.468021392822266,47.23824691772461,25.37777328491211,36.78813171386719
2019-07-31,2.06,1.84,2.4,255.802,101.9408,3.7,,14886.8,115.4946,16.12,0.21999999999999997,269.2384948730469,43.30974578857422,47.0391960144043,24.76531219482422,35.810787200927734
2019-08-31,1.63,1.57,2.13,256.036,102.639,3.6,,14974.4,118.1575,18.98,0.05999999999999983,264.7304992675781,42.59695816040039,46.66702651977539,23.82307243347168,34.45619201660156
2019-09-30,1.7,1.65,2.04,256.43,102.2917,3.5,,15047.0,117.9461,16.24,0.050000000000000044,269.88165283203125,43.68324661254883,49.10770797729492,24.67894172668457,35.03917694091797
2019-10-31,1.71,1.55,1.83,257.155,101.4281,3.6,,15184.1,115.9125,13.22,0.15999999999999992,275.8472900390625,45.36180877685547,50.78675079345703,25.542667388916016,36.50521469116211
2019-11-30,1.81,1.61,1.55,257.879,101.9372,3.6,,15296.0,117.1204,12.62,0.19999999999999996,285.83245849609375,45.9484748840332,51.43586730957031,25.856748580932617,36.47092056274414
2019-12-31,1.86,1.61,1.55,258.63,101.7003,3.6,,15347.5,114.669,13.78,0.25,294.137451171875,48.02218246459961,51.883121490478516,27.254180908203125,39.29022216796875
2020-01-31,1.76,1.52,1.55,259.127,101.0338,3.6,,15427.1,115.7345,18.84,0.24,294.01873779296875,46.538902282714844,50.578155517578125,26.087284088134766,36.873443603515625
2020-02-29,1.5,1.33,1.58,259.25,101.3735,3.5,,15493.4,117.6568,40.11,0.16999999999999993,270.742431640625,42.834808349609375,46.383018493652344,23.417814254760742,35.48116683959961
2020-03-31,0.87,0.45,0.65,258.076,97.4078,4.4,,16033.0,122.5301,53.54,0.42,236.93450927734375,35.70152282714844,43.25636672973633,19.085920333862305,29.88578987121582
2020-04-30,0.66,0.22,0.05,256.032,84.5619,14.8,,17065.3,122.327,34.15,0.44000000000000006,267.0213317871094,38.002994537353516,45.33204650878906,20.180885314941406,32.08365249633789
2020-05-31,0.67,0.17,0.05,255.802,85.9604,13.2,,17932.9,120.9458,27.51,0.5,279.7435607910156,40.22196960449219,48.52875518798828,20.56451988220215,33.03812026977539
2020-06-30,0.73,0.19,0.08,257.042,91.5934,11.0,,18184.3,120.4649,30.43,0.54,284.70465087890625,41.80367660522461,48.48130798339844,20.90315818786621,35.22024917602539
2020-07-31,0.62,0.15,0.09,258.352,95.0256,10.2,,18335.4,117.2082,24.46,0.47,301.47149658203125,43.33197021484375,47.96048355102539,21.041105270385742,38.126644134521484
2020-08-31,0.65,0.14,0.1,259.316,95.9549,8.4,,18411.2,115.7586,26.41,0.51,322.5132141113281,45.200801849365234,51.21786880493164,21.61724281311035,39.22755432128906
2020-09-30,0.68,0.13,0.09,259.997,95.9669,7.8,,18602.5,116.946,26.37,0.55,310.4371643066406,43.79192352294922,52.14476776123047,20.684064865112305,38.83123016357422
2020-10-31,0.79,0.15,0.09,260.319,96.7394,6.9,,18757.6,116.1354,38.02,0.64,302.6968994140625,41.41983413696289,51.412078857421875,19.750885009765625,39.377281188964844
2020-11-30,0.87,0.17,0.09,260.911,97.0816,6.7,,18997.0,113.2256,20.57,0.7,335.623291015625,48.210384368896484,56.841064453125,22.931804656982422,42.91780090332031
2020-12-31,0.93,0.14,0.09,262.045,98.363,6.7,,19115.7,111.3169,22.75,0.79,348.0575256347656,50.947547912597656,59.8736572265625,24.03934669494629,45.97760009765625
2021-01-31,1.08,0.13,0.09,262.687,98.8822,6.4,,19379.0,111.9511,33.09,0.9500000000000001,344.5107727050781,50.4908561706543,59.36850357055664,23.981891632080078,47.43693542480469
2021-02-28,1.26,0.12,0.08,263.579,95.6149,6.2,,19641.8,112.8306,27.95,1.1400000000000001,354.0899963378906,51.793296813964844,60.45856857299805,24.925739288330078,47.8106575012207
2021-03-31,1.61,0.15,0.07,264.961,98.3856,6.1,,19873.2,113.8234,19.4,1.4600000000000002,370.1654968261719,53.511226654052734,60.724430084228516,25.69723129272461,47.463626861572266
2021-04-30,1.64,0.16,0.07,266.614,98.5587,6.1,,20176.9,112.0839,18.61,1.48,389.7510681152344,56.06787109375,59.74958038330078,26.698530197143555,48.03311538696289
2021-05-31,1.62,0.16,0.06,268.383,99.4333,5.8,,20460.4,110.7576,16.76,1.4600000000000002,392.31024169921875,58.565059661865234,60.77760696411133,27.732654571533203,48.82506561279297
2021-06-30,1.52,0.2,0.08,270.654,99.7987,5.9,,20477.8,112.5533,15.83,1.32,401.1086730957031,57.761146545410156,60.29730224609375,27.293073654174805,49.28910827636719
2021-07-31,1.32,0.22,0.1,271.903,100.2519,5.4,,20633.3,112.6714,18.24,1.1,410.9007568359375,58.834617614746094,59.91341781616211,27.368196487426758,46.11636734008789
2021-08-31,1.28,0.22,0.09,272.676,100.0437,5.1,,20840.9,113.1076,16.48,1.06,423.12908935546875,59.89949035644531,61.06508255004883,27.551815032958984,46.84028625488281
2021-09-30,1.37,0.24,0.08,273.91,98.8579,4.7,,20981.0,114.6403,23.14,1.1300000000000001,403.4090576171875,56.670677185058594,62.71669387817383,26.91748046875,45.026023864746094
2021-10-31,1.58,0.39,0.08,276.55,100.1861,4.5,,21160.6,114.1349,16.26,1.19,431.713623046875,59.52106857299805,61.06508255004883,28.111032485961914,45.50863265991211
2021-11-30,1.56,0.51,0.08,278.919,100.8654,4.1,,21335.5,116.2071,27.19,1.05,428.24481201171875,56.61021423339844,59.21705627441406,26.742206573486328,43.649681091308594
2021-12-31,1.47,0.68,0.08,280.845,100.5726,3.9,,21498.5,115.283,17.22,0.7899999999999999,448.05023193359375,59.5529899597168,60.5654411315918,28.413192749023438,44.30751037597656
2022-01-31,1.76,0.98,0.08,282.543,100.1856,4.0,,21650.1,115.566,24.83,0.78,424.41949462890625,57.423614501953125,57.960479736328125,29.056217193603516,44.29844284057617
2022-02-28,1.93,1.44,0.08,284.5,100.8064,3.9,,21725.2,115.2224,30.15,0.49,411.8918151855469,54.38661575317383,56.92934799194336,28.713272094726562,42.384647369384766
2022-03-31,2.13,1.91,0.2,287.674,101.3907,3.7,,21787.2,115.2218,20.56,0.21999999999999997,427.3750915527344,54.4722900390625,55.726356506347656,28.841876983642578,40.95157241821289
2022-04-30,2.75,2.54,0.33,288.561,101.44,3.7,,21769.4,119.4933,33.4,0.20999999999999996,389.8647766113281,51.06996154785156,51.212890625,27.693002700805664,38.43914794921875
2022-05-31,2.9,2.62,0.77,291.298,101.3335,3.6,,21719.9,118.0704,26.19,0.2799999999999998,390.74481201171875,52.30320739746094,52.09930419921875,28.43891143798828,38.67497253417969
2022-06-30,3.14,3.0,1.21,294.957,101.018,3.6,,21651.5,120.9652,28.71,0.14000000000000012,358.52386474609375,47.12624740600586,48.249046325683594,26.148008346557617,36.68024826049805
2022-07-31,2.9,3.04,1.68,294.913,101.223,3.5,,21652.9,121.7678,21.33,-0.14000000000000012,391.53936767578125,49.48166275024414,51.28116226196289,26.977134704589844,36.552181243896484
2022-08-31,2.9,3.25,2.33,295.097,101.0963,3.6,,21638.4,123.535,25.87,-0.3500000000000001,375.5637512207031,45.787940979003906,48.943138122558594,25.231605529785156,36.0673828125
2022-09-30,3.52,3.86,2.56,296.349,101.2918,3.5,,21536.7,127.5148,31.62,-0.33999999999999986,340.84442138671875,41.35344314575195,44.61415481567383,22.875144958496094,31.905412673950195
2022-10-31,3.98,4.38,3.08,298.007,101.2529,3.6,,21461.7,127.6219,25.88,-0.3999999999999999,368.5467224121094,44.83913803100586,45.655303955078125,24.47230339050293,31.274250030517578
2022-11-30,3.89,4.5,3.78,298.786,100.9552,3.6,,21406.7,123.5175,20.58,-0.6099999999999999,389.03485107421875,50.8875846862793,50.96150207519531,27.518247604370117,36.14971160888672
2022-12-31,3.62,4.29,4.1,298.832,99.7664,3.5,,21290.9,121.4256,21.67,-0.6699999999999999,366.6155090332031,50.03645706176758,49.83127212524414,27.16398811340332,35.196258544921875
2023-01-31,3.53,4.21,4.33,300.42,100.505,3.5,,21279.9,118.9802,19.4,-0.6800000000000002,389.67095947265625,54.819889068603516,53.70317459106445,28.856203079223633,38.409423828125
2023-02-28,3.75,4.53,4.57,301.45,100.6416,3.6,,21243.7,121.3341,20.7,-0.7800000000000002,379.8735656738281,53.881248474121094,51.20428466796875,28.599267959594727,35.50271224975586
2023-03-31,3.66,4.3,4.65,301.821,101.0205,3.5,,20947.4,119.3602,18.7,-0.6399999999999997,393.95849609375,55.2154541015625,53.72148132324219,28.5815486907959,36.64496994018555
2023-04-30,3.46,4.02,4.83,302.845,101.253,3.4,,20761.4,119.2248,15.78,-0.5599999999999996,400.25189208984375,57.49836349487305,53.858787536621094,30.06113052368164,36.33851623535156
2023-05-31,3.57,4.13,5.06,303.334,100.9286,3.6,,20829.6,120.9662,17.94,-0.56,402.0995178222656,54.55414581298828,54.31645202636719,28.26259994506836,35.465572357177734
2023-06-30,3.75,4.64,5.08,304.014,100.1196,3.6,,20799.4,119.3606,13.59,-0.8899999999999997,428.155517578125,56.88278579711914,57.049781799316406,29.217729568481445,37.02565002441406
2023-07-31,3.9,4.83,5.12,304.609,100.9067,3.5,,20791.4,117.8241,13.63,-0.9300000000000002,442.1704406738281,58.53303146362305,58.45067596435547,30.07574462890625,39.26253890991211
2023-08-31,4.17,4.9,5.33,306.082,100.8393,3.7,,20777.5,120.225,13.57,-0.7300000000000004,434.98431396484375,56.1636848449707,56.810150146484375,28.901620864868164,36.66062927246094
2023-09-30,4.38,5.02,5.33,307.276,101.0211,3.7,,20747.8,122.3077,17.52,-0.6399999999999997,414.3510437011719,53.639732360839844,55.56593322753906,28.576475143432617,35.518795013427734
2023-10-31,4.8,5.07,5.33,307.696,100.4689,3.9,,20732.9,123.8364,18.14,-0.27000000000000046,405.3560485839844,51.982295989990234,54.34014892578125,27.54685401916504,34.34886932373047
2023-11-30,4.5,4.88,5.33,308.148,100.8639,3.7,,20746.4,120.2434,12.92,-0.3799999999999999,442.3828430175781,57.05644226074219,57.70414733886719,29.25385856628418,37.02565002441406
2023-12-31,4.02,4.46,5.33,308.741,100.6031,3.8,,20777.8,118.4208,12.45,-0.4400000000000004,462.5799255371094,60.1375846862793,59.943660736083984,30.53199005126953,38.345733642578125
2024-01-31,4.06,4.32,5.33,309.698,99.2223,3.7,,20843.7,120.4331,14.35,-0.2600000000000007,469.9472351074219,59.40077209472656,61.87823486328125,29.959230422973633,36.61011505126953
2024-02-29,4.21,4.54,5.33,310.967,100.285,3.9,,20926.9,121.1824,13.4,-0.33000000000000007,494.4723205566406,60.82773971557617,64.59783935546875,30.254850387573242,38.13593292236328
2024-03-31,4.21,4.59,5.33,312.345,100.4575,3.9,,20973.2,121.0191,13.01,-0.3799999999999999,510.6424865722656,63.153106689453125,66.68193817138672,31.603614807128906,39.17539978027344
2024-04-30,4.54,4.87,5.33,313.023,100.2434,3.9,,20958.8,122.9853,15.65,-0.33000000000000007,490.0536193847656,61.540042877197266,62.86887741088867,32.0562858581543,39.08957290649414
2024-05-31,4.48,4.86,5.33,313.175,100.863,3.9,,21019.9,122.098,12.92,-0.3799999999999999,514.84033203125,65.50704193115234,64.4576644897461,33.552860260009766,39.852481842041016
2024-06-30,4.31,4.74,5.33,313.044,100.894,4.1,,21067.7,124.2103,12.44,-0.4300000000000006,533.0040283203125,63.57438278198242,64.24703979492188,32.845375061035156,40.89582824707031
2024-07-31,4.25,4.5,5.33,313.569,99.9757,4.2,,21094.4,123.6373,16.36,-0.25,539.4581909179688,65.1834945678711,66.8172836303711,34.14487075805664,41.24150848388672
2024-08-31,3.87,3.97,5.33,314.062,100.4309,4.2,,21185.8,122.3262,15.0,-0.10000000000000009,552.0629272460938,67.5352783203125,67.75877380371094,35.34079360961914,41.644798278808594
2024-09-30,3.72,3.62,5.13,314.732,99.8084,4.1,,21268.6,121.2864,16.73,0.10000000000000009,563.6588134765625,67.86048889160156,67.35394287109375,35.2277946472168,44.03575134277344
2024-10-31,4.1,3.97,4.83,315.631,99.4695,4.1,,21331.0,124.7988,23.16,0.12999999999999945,558.6289672851562,64.11909484863281,64.08698272705078,33.476287841796875,42.68184280395508
2024-11-30,4.36,4.26,4.64,316.528,99.2925,4.2,,21451.6,126.5798,13.51,0.10000000000000053,591.94189453125,62.99285888671875,65.61219024658203,33.71170425415039,41.5391731262207
2024-12-31,4.39,4.23,4.48,317.604,100.3273,4.1,,21485.3,129.2775,17.35,0.15999999999999925,579.8091430664062,61.255252838134766,64.21791076660156,32.54227828979492,40.97108840942383
